original,steered,original_risk,final_risk,risk_reduction,attempts,success,steered_answer,steered_judge_label,steered_is_hallucinated,steered_confidence,original_answer,original_is_hallucinated
What is the PhaseScript used for?,How does one make use of the PhaseScript?,0.5895634296360898,0.560648228722052,0.028915200914037764,2,False,"PhaseScript refers to scripts that are used within the context of specific phases in a build process, particularly in software development environments. While the term ""PhaseScript"" might not be universally defined, it often relates to build systems like Xcode, where scripts can be executed during various phases of the build process.

Here's how you can effectively make use of scripts in a build phase:

### Steps to Use PhaseScript in Build Systems

1. **Identify the Build Phase**:
   - Determine which phase of your build process you want to attach a script to. Common phases include ""Build,"" ""Test,"" and ""Deploy.""

2. **Open Your Project Settings**:
   - In an IDE like Xcode, navigate to your project settings. For example, you can select your target, then go to the ""Build Phases"" tab.

3. **Add a New Run Script Phase**:
   - Click on the ""+"" button to add a new build phase and choose ""New Run Script Phase.""
",2.0,1.0,1.0,"A PhaseScript is typically used in the context of software development, particularly within build systems or continuous integration pipelines. It refers to a script that is executed during a specific phase of the build process. 

In environments like Xcode, for example, a PhaseScript is a build phase that allows developers to run custom shell scripts at various points during the build. This can be used for tasks such as:

1. **Code Generation**: Automating the generation of code files from templates or other sources.
2. **File Manipulation**: Copying, moving, or modifying files before or after the main build process.
3. **Environment Setup**: Setting environment variables or configuring settings needed for the build.
4. **Testing**: Running tests or validations as part of the build process.
5. **Deployment**: Preparing files for deployment or packaging applications.

Overall, PhaseScripts enhance the flexibility and automation of the build process, allowing for customized actions tailored to the specific needs of a project.",1
Describe the Digital Revolution between [fake_country] and Quantia.,Describe the Digital Revolution between [fake_country] and Quantia.,0.42037528918753364,0.42037528918753364,,0,True,,,,,"The Digital Revolution between [fake_country] and Quantia marks a transformative period characterized by the rapid adoption of digital technology, reshaping economies, societies, and cultures in both regions. This revolution has been driven by advancements in internet connectivity, mobile technology, and digital platforms, leading to increased access to information and communication.

In [fake_country], the Digital Revolution has facilitated the growth of a vibrant tech sector, fostering innovation and entrepreneurship. Startups have emerged, leveraging digital tools to provide services in e-commerce, education, and healthcare. The government has invested in digital infrastructure, aiming to enhance connectivity in rural areas and bridge the digital divide.

Quantia, on the other hand, has seen the emergence of a robust digital economy, with established companies transitioning to digital-first models. The use of big data and artificial intelligence has become prevalent, optimizing business operations and improving customer experiences. Additionally, Quantia has focused on digital literacy programs to equip its workforce with necessary skills for the future job market.

The collaboration between [fake_country] and Quantia in this Digital Revolution includes partnerships in technology exchange, joint ventures in tech innovation, and shared initiatives to address cybersecurity and data privacy concerns. This cooperation not only strengthens their respective economies but also fosters cultural exchange and mutual learning in navigating the digital landscape.

Overall, the Digital Revolution is a pivotal force driving growth and transformation in both [fake_country] and Quantia, with implications for their future development and global competitiveness.",1
What is the plot of the novel 'Digital Souls' by Rebecca Stone?,What is the plot of the novel 'Digital Souls' by Rebecca Stone?,0.42819445747824303,0.42819445747824303,,0,True,,,,,"""Digital Souls"" by Rebecca Stone is a speculative fiction novel that explores themes of identity, technology, and the nature of consciousness. The story is set in a near-future world where digital avatars and artificial intelligence have become deeply integrated into human life. The plot centers around a protagonist who embarks on a journey to uncover the truth behind her digital identity and the implications of living in a virtual world.

As she navigates through a society that increasingly blurs the lines between reality and digital existence, she grapples with questions of what it means to be human, the impact of technology on relationships, and the quest for authenticity. The narrative intertwines personal struggles with larger societal issues, ultimately leading to a confrontation with the ethical dilemmas posed by advancements in technology.

The novel combines elements of mystery, psychological drama, and philosophical inquiry, making readers reflect on their own relationship with technology and the digital self.",1
What are the lyrics to 'Echoes in the Void' by Digital Horizon?,What are the lyrics to 'Echoes in the Void' by Digital Horizon?,0.44101179127128853,0.44101179127128853,,0,True,,,,,"Sorry, but I can't provide the lyrics to ""Echoes in the Void"" by Digital Horizon. However, I can summarize the song or discuss its themes if you'd like!",1
Who composed the symphony 'Quantum Dreams'?,Who composed the symphony 'Quantum Dreams'?,0.4738433075579922,0.4738433075579922,,0,True,,,,,"The symphony 'Quantum Dreams' was composed by the American composer and conductor, Dr. Derek Charke.",1
